{"creatives":{"editorOpen":true,"editorSelection":0,"elements":[{"display":{"camel":"carousel","description":"An image carousel of up to 6 slides that can include buttons. <a href=\"https://help.localytics.com/t/localytics-labs-in-app-builder-documentation/445\" target=\"_blank\">Learn more.</a>","name":"Carousel"},"inputs":{"screens":{"template":{"buttonLink":{"title":"Button URL","type":"deeplink","value":"","openExternalValue":true,"showOpenExternalField":false},"buttonText":{"title":"Button Text","type":"string","value":"Text"},"hasButton":{"title":"Button","type":"boolean","value":false},"image":{"title":"Image","type":"image","value":"Placeholder.png"}},"title":"Screens","type":"carousel","value":{"currentPreview":{"tooltip":"Select the screen you'd like to preview within the builder.","value":"2"},"slides":[{"buttonLink":{"title":"Button URL","type":"deeplink","value":"","openExternalValue":true,"showOpenExternalField":false},"buttonText":{"title":"Button Text","type":"string","value":"Text"},"hasButton":{"title":"Button","type":"boolean","value":false},"image":{"title":"Image","type":"image","value":"Temps-screen-1_LOC_1603806907.674.jpg"}},{"buttonLink":{"title":"Button URL","type":"deeplink","value":"ll_notification_prompt","openExternalValue":true,"showOpenExternalField":false},"buttonText":{"title":"Button Text","type":"string","value":"Enable Now"},"hasButton":{"title":"Button","type":"boolean","value":true},"image":{"title":"Image","type":"image","value":"Temps-screen-2b_LOC_1603807733.237.jpg"}}]}},"loop":{"title":"Loop Player","type":"boolean","value":false},"dots":{"title":"Show Dots","type":"boolean","value":true,"tooltip":"Dots are required to enable event tagging. For more information, <a href=\"https://help.localytics.com/t/localytics-labs-in-app-builder-documentation/445\" target=\"_blank\">click here</a>."},"fullScreen":{"title":"Full Screen Images","type":"boolean","value":true,"callback":"setFullScreenCarousel","tooltip":"This will disable all other modules. To learn more, <a href=\"https://help.localytics.com/t/localytics-labs-in-app-builder-documentation/445\" target=\"_blank\">click here</a>."}},"inputsAdvanced":{"buttonBottom":{"allowNegative":false,"title":"Button Bottom Space","type":"number","unit":"px","value":"40px"},"position":{"options":["left","center","right"],"title":"Button Position","type":"select","value":"center"},"fontSize":{"min":10,"title":"Button Text Size","type":"number","unit":"px","value":"16px"},"fontWeight":{"options":["100","200","300","400","500","600","700","800","900"],"title":"Button Font Weight","type":"select","value":"700"},"textColor":{"title":"Button Text Color","type":"color","value":"#FFFFFF"},"backgroundColor":{"title":"Button Background Color","type":"color","value":"rgba(0,0,0,1)"},"borderColor":{"title":"Border Color","type":"color","value":""},"borderWidth":{"half":false,"min":0,"title":"Button Border Width","type":"number","unit":"px","value":"","tooltip":"Must be set to a value greater than 0 to show a border"},"borderRadius":{"title":"Button Border Radius","tooltip":"Rounds the corners of the element","type":"number","unit":"px","value":"4px"},"buttonHeight":{"min":"10","title":"Button Height","type":"number","unit":"px","value":"40px"},"buttonWidth":{"half":false,"min":10,"title":"Button Width","type":"number","unit":"px","value":"250px"},"buttonAction":{"title":"Button Amp Action","type":"string","value":"","tooltip":"To record a campaign clickthrough (also known as a conversion) when a calltoaction (CTA) is pressed, \"ampAction=click keyvalue\" needs to be appended to your query string. Add a value here to report on what users are clicking."},"classNames":{"title":"CSS Classes","tooltip":"You can add <a href=\"https://www.w3schools.com/cssref/sel_class.asp\" target=\"_blank\">CSS classes</a> to the element","type":"string","value":""}}}],"hasFullScreenCarousel":true,"hasNewChanges":true},"editor":{"backgroundColor":"rgba(255,255,255,1)","overlayColor":"rgba(255,255,255,1)","backgroundGradient":{"inputValues":["#FFFFFF","rgba(243,243,243,1)","75deg"],"value":"linear-gradient(75deg, #FFFFFF, rgba(243,243,243,1))"},"backgroundImage":{"inputValues":{"image":""}},"backgroundAnimation":{"inputValues":{"json":"","position":"center","loop":"true","width":"300px","backgroundColor":"","backgroundOpacity":"100"}},"backgroundType":"color","backgroundTransparency":{"percentage":"80","backgroundColor":"rgba(255, 255, 255, 1)"},"fullscreen":false,"closeButton":{"alignment":"right","backgroundColor":"#333333","isActive":true},"creativeAlignment":"centered","creativeContentAlignment":"top","creativeTitle":"Onboarding-Sample-v01","css":"/*\n\tPlease prefix selectors with .LOC-Creative\n\tExample: .LOC-Creative button { color: blue; }\n*/\n\n","creativeContainerWidth":{"unit":"%","value":"100%"},"creativeContainerMaxWidth":{"unit":"px","value":"auto"},"creativeContainerHeight":{"unit":"%","value":"100%"},"roundedCorners":false,"roundedCornersTopLeft":{"unit":"px","value":"15px"},"roundedCornersTopRight":{"unit":"px","value":"15px"},"roundedCornersBottomLeft":{"unit":"px","value":"15px"},"roundedCornersBottomRight":{"unit":"px","value":"15px"},"drawerOpen":false,"fontSource":"local","javascript":"// Scripts placed here will only be executed following download","selectedFont":"Helvetica Neue","fontDefault":"Montserrat"}}